NaN,0.1278,0.1634,0.199,0.2346,0.2702,0.3058,0.3414,0.377,0.4126,0.4482,0.4838,0.5194,0.555,0.5906,0.6262,0.6618,0.6974,0.733,0.7686,0.8042,0.8398,0.8754,0.911,0.9466,0.9822
-0.5,0,0,0,0,0,0,0,0,0,0,0,0,0,0,0,0,0,0,0,0,0,0,0,0,0
-0.48989898989899,0.183219114510506,0.227060931842115,0.256587860166911,0.274591086341493,0.283465243408247,0.285241487173217,0.281622340298052,0.274016934704983,0.26357587226514,0.251225039915175,0.237697624067053,0.223564017278062,0.209259268657139,0.195107895447369,0.181345848329954,0.168139738326111,0.155603316998685,0.143811259742631,0.132810542600936,0.122629420904173,0.113284441239467,0.104785569730759,0.097139751961511,0.0903531700818777,0.0844324626423608
-0.47979797979798,0.253739885943237,0.314456355177286,0.35534815538822,0.380280797205386,0.392570604455989,0.395030521869819,0.390018370611641,0.379485655436736,0.365025843207593,0.347921193399865,0.329187094812065,0.30961348326948,0.289802857652077,0.270204641419122,0.25114560232679,0.232856479736708,0.215494808023274,0.199164005032652,0.18392912781864,0.169829307147568,0.156887458363944,0.145117383538361,0.13452870159928,0.125129974197485,0.116930395051936
-0.46969696969697,0.305354459152548,0.378421586757244,0.427631404483642,0.457635726937811,0.472425468929485,0.475385771164459,0.469354071690243,0.456678841173427,0.439277682004997,0.418693684847369,0.396148784108871,0.37259360064203,0.348753190812931,0.325168397685423,0.302232458574501,0.280223048756612,0.259329747507057,0.239677009443465,0.221343125219285,0.204375185397137,0.188800766653048,0.174636478609839,0.161893896833123,0.150583324544383,0.140715825605617
-0.45959595959596,0.346981829254151,0.43000981471402,0.485928148506679,0.52002280269831,0.536828752559695,0.540192617254801,0.533338647861712,0.518935469721957,0.499162101891792,0.475771996481384,0.450153667800979,0.423387329852534,0.396296882129494,0.369496897990814,0.343434222729885,0.318424385635611,0.294682810330477,0.272350917676664,0.251517671281327,0.232236581316233,0.214538983840853,0.198443752780676,0.183964041737397,0.171111558516586,0.159898875258451
-0.44949494949495,0.382083198208412,0.473510459092646,0.535085602263429,0.572629339188646,0.591135412217804,0.594839572126723,0.587292241617332,0.571432009455226,0.549658328579369,0.523902033787649,0.495692104247523,0.466218030548471,0.436387059488209,0.40687593588369,0.378176708783043,0.350636827042859,0.324493506965868,0.299902475828712,0.276961696973219,0.255730093766092,0.236242172284631,0.218518715778005,0.202574208492301,0.188421542617885,0.176074562117566
-0.439393939393939,0.412438740122978,0.51112966521155,0.577596797478375,0.618123289168017,0.638099622805714,0.642098068833208,0.63395112203947,0.61683083462126,0.593327289973428,0.565524722825896,0.535073585866607,0.503257871698254,0.471056905577707,0.439201197982781,0.408221890011647,0.378494034452132,0.35027369384112,0.323728967592778,0.298965601988205,0.27604720170628,0.255011014244708,0.235879474029139,0.218668216042311,0.203391156726445,0.190063239912116
-0.429292929292929,0.43911008272487,0.544183093729887,0.614948482886753,0.658095717584157,0.679363868858145,0.683620884009972,0.674947095317167,0.65671968335717,0.631696225493925,0.602095738506509,0.569675405573494,0.535802251765851,0.501518932762409,0.467603199257122,0.434620539864098,0.402970261061289,0.372924984285081,0.344663679502356,0.318298931331687,0.293898457601413,0.27150191450822,0.251133187253822,0.2328089218947,0.216543934813268,0.202354136218826
-0.419191919191919,0.462792394011026,0.573532256797156,0.648114201392466,0.693588474988406,0.716003671157894,0.720490277844831,0.711348689910027,0.692138227774322,0.665765191885229,0.634568276178373,0.600399433141113,0.564699414945072,0.528567110312505,0.492822215988623,0.458060718810906,0.424703460860066,0.393037766732296,0.36325225869497,0.335465593338332,0.309749140683538,0.286144695685712,0.264677431735577,0.245364892653311,0.228222693906099,0.21326760378085
-0.409090909090909,0.483971500969279,0.599779233125868,0.677774325824257,0.725329671876878,0.748770671070156,0.753462601621816,0.743902660509333,0.723813055938371,0.696233091510397,0.663608488522865,0.627875951719911,0.590542167469004,0.552756313741066,0.515375599663242,0.479023286654749,0.444139476100371,0.411024641642038,0.379876037605962,0.350817750750748,0.323924417256056,0.299239744770119,0.276790058711962,0.256593705772441,0.238667016040794,0.223027525183312
-0.398989898989899,0.503003705991472,0.623365583375922,0.7044278372439,0.753853299809915,0.778216117543496,0.783092558513703,0.773156672208398,0.752277042868945,0.723612494872627,0.689704927637029,0.65256720692338,0.613765269620703,0.574493485184762,0.535642772537228,0.497860902885786,0.461605284625589,0.427188207540522,0.394814682993667,0.364613677462013,0.336662762196956,0.311007363652322,0.287674842495636,0.266684266902353,0.248052609143335,0.231798094475884
-0.388888888888889,0.52016025333187,0.644627456825707,0.72845459767054,0.779565873438792,0.804759662854714,0.809802430413297,0.799527648983094,0.77793585322231,0.748293609298841,0.713229516225469,0.674825094976717,0.634699693718799,0.594088419691048,0.553912579449411,0.514842038506758,0.477349806631936,0.441758825248958,0.40828109828799,0.377049991039471,0.348145720569988,0.321615262747609,0.297486911462781,0.27578038527196,0.256513235339494,0.239704308553275
-0.378787878787879,0.535653883462243,0.663828499819601,0.750152537931799,0.80278622760456,0.82873044585908,0.833923418618629,0.823342589846035,0.801107655177144,0.770582479578979,0.734473958205952,0.694925612763862,0.65360502574936,0.611784093630898,0.570411565243842,0.53017725889143,0.491568273535906,0.454917169819489,0.420442266477172,0.388280901253018,0.358515680580258,0.331194979562525,0.306347934859528,0.283994852369832,0.264153806041385,0.246844204140437
-0.368686868686869,0.549655576292648,0.681180605411491,0.769761105584069,0.823770610457804,0.850392996062437,0.855721710224598,0.844864304507564,0.82204816108625,0.790725074475927,0.753672696555912,0.713090579490154,0.670689895448801,0.627775787562399,0.585321804430072,0.544035795819571,0.504417593187497,0.466808450125195,0.43143239209725,0.398430346779517,0.367887079891176,0.339852231034003,0.314355698483693,0.291418318923639,0.271058638744674,0.253296573534271
-0.358585858585859,0.562305580497369,0.696857581856904,0.78747671085082,0.842729213145515,0.869964297509814,0.875415648936954,0.864308366326286,0.840967122600956,0.808923153324441,0.771018036422599,0.729501945476359,0.686125434290626,0.642223683107914,0.59879264618355,0.55655646403703,0.516026471455949,0.477551775785079,0.441361558305104,0.407599990060577,0.376353787604532,0.347673732965378,0.321590412510281,0.298125142466813,0.277296896060234,0.259126047223707
-0.348484848484849,0.57372094558894,0.711004487008886,0.803463274860234,0.859837458155069,0.887625441942922,0.893187461250556,0.881854689705448,0.858039595411926,0.825345101543514,0.786670472897025,0.744311563825262,0.700054466124371,0.655261465529789,0.610948735163295,0.567855116320433,0.526502324395866,0.487246553962263,0.450321638909285,0.415874677097734,0.383994145513307,0.35473185711033,0.328119019189779,0.304177380719945,0.282926300101515,0.264386564878855
-0.338383838383838,0.584000823563324,0.72374419857404,0.817859654295158,0.875243944907204,0.90352983117655,0.909191510223319,0.897655679142925,0.873413868228425,0.840133557492099,0.800765960484864,0.75764806846201,0.712597976244598,0.667002378875819,0.621895657171931,0.57802989091736,0.535936143554173,0.495976991915909,0.458390459705883,0.423326280470541,0.390874516517894,0.361087909181912,0.333998224933057,0.309627602435589,0.2879957469522,0.269123818496519
-0.328282828282828,0.593230297890115,0.735182159327496,0.830785003674253,0.889076188276163,0.917809101074583,0.923560256572925,0.911842114693472,0.887217189299605,0.853410920788674,0.813421163313122,0.769621841639155,0.723859783525868,0.677543599167566,0.631724016602641,0.587165001388247,0.544406009825168,0.503815348864853,0.465634803906783,0.43001647486722,0.397051847387373,0.36679449631851,0.339276690164329,0.314520917465709,0.292547194904794,0.273377016905361
-0.318181818181818,0.601483210945132,0.745409881111277,0.842342735009152,0.901444856072171,0.930577495978235,0.936408660516005,0.924527497957329,0.899559995036682,0.865283419807218,0.824737332028391,0.780328682080178,0.733929990456818,0.686969463683928,0.64051244733912,0.595333535130777,0.551979688178576,0.510824337253938,0.472112631431271,0.435998786613478,0.40257556117353,0.371897275286378,0.343996646369329,0.318896475819793,0.296617058788391,0.277180188725452
-0.308080808080808,0.608824292606504,0.754507582774192,0.852623498781175,0.912446959175349,0.941935161937815,0.947837495635877,0.93581132390157,0.910539093476505,0.875844173838996,0.834803222469603,0.789852566493942,0.74288758045373,0.695353902085539,0.648329879472683,0.602599560212808,0.558716581067024,0.517058930516324,0.47787474967104,0.441320136633803,0.407488981890301,0.376436268591326,0.348195113469129,0.32278859621138,0.300237259670307,0.280563163284543
-0.297979797979798,0.615310790200293,0.762546210141059,0.861707466586689,0.922168294340561,0.951970668463446,0.957935886435009,0.945781586216073,0.920240101978647,0.885175537904347,0.843697330604897,0.798267764169575,0.750802406720664,0.702762298017639,0.655237275012334,0.609019738653133,0.564669224223206,0.522567747344711,0.482966092857435,0.446022021954625,0.41183042544409,0.380446872274663,0.351904832008804,0.326227630228344,0.303436028651879,0.28355232174233
-0.287878787878788,0.620993735546274,0.769589006245133,0.869666105562031,0.930685343123061,0.960762968819651,0.96678328091316,0.954516724863572,0.928739342180534,0.893350925502982,0.851489629870147,0.805640480766594,0.757736738299078,0.709252936235686,0.661288977147011,0.614644580512745,0.569884449424724,0.527394127760965,0.487426716583499,0.45014143415126,0.415634047673515,0.383960639328029,0.355154987798599,0.329240634099661,0.306238531702848,0.28617118098038
-0.277777777777778,0.625918943227336,0.775692748469658,0.876563576402546,0.93806676798811,0.968382944485827,0.974451004705714,0.962087160499069,0.936105332978795,0.900436244707209,0.858242939968665,0.812030153410482,0.763746478156454,0.714878142754541,0.666533773291018,0.619519431957746,0.574404300603504,0.531576980920844,0.491292581359671,0.4537115829662,0.41893051249584,0.387005896923712,0.35797178283814,0.331851897961379,0.308667361950633,0.288440853632429
-0.267676767676768,0.630127806647362,0.780908735091471,0.882457848195991,0.944374605365535,0.974894636767591,0.981003500412533,0.968556518074065,0.942399981089221,0.906491043357132,0.864014018404005,0.817490483451022,0.768882134536355,0.719685194046681,0.671015742796769,0.623685263178188,0.578266764386195,0.535151461185637,0.494596177450809,0.456762473349773,0.421747524712286,0.389608238617507,0.360378890593052,0.334083367913373,0.310742932250473,0.290380414929991
-0.257575757575758,0.633657939794928,0.785283580609934,0.887401597175775,0.94966522746307,0.980356239693747,0.98649932671658,0.973982613278363,0.947679540849024,0.911569432290882,0.868854440448792,0.822070269048494,0.773189604038676,0.723717050017034,0.674774940361448,0.627179303590256,0.581506359039154,0.538149513155682,0.497367028605542,0.459321370657155,0.424110259543514,0.39179092115143,0.362397823028575,0.335954986271872,0.31248379166651,0.292007198444914
-0.247474747474747,0.636543699762371,0.788859863297638,0.891442938478946,0.953990125367408,0.984820908425361,0.990991971858642,0.978418255693408,0.951995395680468,0.915720837031588,0.872811315608589,0.825814083058957,0.776710809197567,0.727012950785469,0.677847952451471,0.630035559013009,0.584154613982936,0.540600315432485,0.499632102188839,0.461413179408202,0.426041712354109,0.393575187527438,0.364048229445519,0.337484968600445,0.313906883148262,0.293337036880696
-0.237373737373737,0.638816616031773,0.791676657208624,0.894626027336582,0.957396552416494,0.988337423420393,0.994530521963725,0.981911908638957,0.955394700117926,0.918990615350808,0.875927876247089,0.828762829964451,0.779484222296313,0.729608906985371,0.680268354444112,0.63228523656526,0.586240463747004,0.542530645200338,0.501416146134612,0.463060754465162,0.427562985975723,0.394980532435098,0.365348141994904,0.338690031310353,0.315027755229866,0.294384459899403
-0.227272727272727,0.640505746088317,0.793769972885135,0.896991557089905,0.95992805715844,0.990950740616612,0.997160214671523,0.984508235779073,0.957920911652398,0.921420568847812,0.878243965193435,0.830954207224697,0.78154529928686,0.731538105918809,0.682067089316014,0.63395709664308,0.587790574315242,0.543965180239668,0.502741968071639,0.464285158807102,0.428693528720781,0.396024922127448,0.366314179058216,0.339585580200881,0.315860737398223,0.295162857998194
-0.217171717171717,0.641637972248943,0.79517312521329,0.898577174881784,0.961624928209593,0.992702450666475,0.998922901248938,0.986248557371359,0.959614234659424,0.923049369962182,0.879796442745553,0.832423090365009,0.782926841980226,0.732831250572194,0.683272783732563,0.635077746713618,0.588829615524902,0.544926751016041,0.503630668308556,0.465105878692915,0.429451333051302,0.396724977950259,0.366961715007848,0.340185867832995,0.316419086471874,0.295684619296218
-0.207070707070707,0.642238251164111,0.795917042627188,0.899417831069638,0.962524568183644,0.993631164950766,0.99985743502255,0.987171233770996,0.960511993546328,0.923912920902762,0.880619528780142,0.833201856665099,0.783659302488623,0.733516844578659,0.683912013739393,0.635671888265915,0.589380490033758,0.545436552575633,0.504101835671295,0.465541004518342,0.429853102571609,0.397096130609054,0.367305022900648,0.340504125811061,0.316715109640983,0.295961244511962
-0.196969696969697,0.642329824901114,0.796030528701562,0.899546074835512,0.962661810042885,0.993772842153598,1,0.987311989882571,0.960648948442,0.924044657308494,0.880745092184348,0.833320659006059,0.783771040789379,0.733621433301755,0.684009529542548,0.63576252573606,0.589464527030762,0.545514323812906,0.504173713185346,0.465607383824517,0.429914393307397,0.397152750681999,0.367357395199411,0.340552676695735,0.316760268561528,0.296003444236315
-0.186868686868687,0.641934400600978,0.795540484798109,0.898992305785263,0.96206918635059,0.993161066216426,0.999384390565708,0.98670419130701,0.960057563886297,0.923475806699748,0.880202897196394,0.832807658946585,0.783288543942345,0.733169809026216,0.683588446823016,0.635371144327248,0.589101647106741,0.545178500048626,0.503863339090987,0.465320751526359,0.429649733950939,0.396908259701824,0.367131246521169,0.340343029255088,0.316565267951793,0.295821221723461
-0.176767676767677,0.641072304245079,0.794472100626342,0.897784989289881,0.960777159721547,0.991827284236204,0.998042250869748,0.98537908069309,0.95876823879871,0.922235609684334,0.879020814246151,0.831689226210669,0.782236613715957,0.732185186578774,0.682670410481002,0.634517862204254,0.588310503365653,0.544446343619921,0.503186667536862,0.464695841373796,0.429072728777816,0.396375225229774,0.366638201578468,0.339885959989129,0.316140131421253,0.29542394375081
-0.166666666666667,0.639762612950645,0.792849018195592,0.895950841757754,0.958814321093757,0.989801011144785,0.996003280789797,0.983365981086143,0.9568095043355,0.920351510275544,0.877225001355123,0.82999011031995,0.780638528014255,0.730689354426261,0.681275735515863,0.633221561436324,0.587108602831844,0.543334056235482,0.502158672420579,0.463746481849173,0.428196146192922,0.395565442653963,0.365889170841007,0.339191583270699,0.315494266711139,0.29482040158445
-0.156565656565657,0.638023269349628,0.790693473563168,0.893514990815715,0.95620756114843,0.987110006668805,0.993295413999889,0.980692471737462,0.954208194951254,0.917849320435626,0.874840060969623,0.827733588982084,0.77851618044201,0.728702805310659,0.679423528826834,0.631500001206615,0.585512411415269,0.54185687611461,0.5007934371663,0.462485679077379,0.427031995284782,0.394490005909871,0.36489441595052,0.33826941198726,0.314636522099539,0.294018863688104
-0.146464646464646,0.635871180930237,0.788026419946961,0.890501114431165,0.952982219193458,0.983780429024745,0.989944972628554,0.977384540800145,0.950989596971065,0.914753362986819,0.871889176175168,0.824941596970562,0.775890201521296,0.726244849709627,0.677131795000668,0.629369916138045,0.583537445076971,0.540029162355452,0.499104232699304,0.460925688835815,0.425591592315312,0.393159368903247,0.363663606535578,0.33712841021014,0.313575235390955,0.293027121502477
-0.136363636363636,0.633322306689062,0.784867635112224,0.886931562263395,0.949162213029242,0.979836968981712,0.985976802161664,0.973466718520286,0.947177578184808,0.911086596267599,0.868394229511503,0.821634838542044,0.772780064424431,0.723333714804121,0.674417528586465,0.626847102059463,0.581198349349528,0.537864468526431,0.497103585460459,0.459078079366156,0.423885618716499,0.391583399087146,0.362205869769154,0.335777039136055,0.312318276648165,0.29185252937696
-0.126262626262626,0.630391733020355,0.781235815420123,0.882827461942181,0.944770152684207,0.975302967272638,0.98141438958934,0.96896219388484,0.942794701344847,0.906870723305707,0.86437590702991,0.817832885890618,0.769204177574111,0.719986631153499,0.671296794909291,0.623946491119033,0.578508968980464,0.535375607117085,0.494803336972788,0.456953786384428,0.42192417188345,0.389771424384302,0.36052983377076,0.334223297322361,0.310873085616468,0.290502039541526
-0.116161616161616,0.627093740432647,0.777148658508717,0.87820881250057,0.939827440403208,0.970200517814071,0.976279967272557,0.963892917170359,0.937862323945372,0.902126287795517,0.8598537897732,0.81355426570198,0.765179966051033,0.716219908894283,0.667784801115915,0.620682217818719,0.575482409157925,0.532574706198775,0.492214696208273,0.45456316144206,0.419716809828146,0.387732274438028,0.358643665762612,0.332474756059093,0.309246704624495,0.288982232851594
-0.106060606060606,0.62344186241241,0.772622936241888,0.873094566810067,0.934354358866696,0.964550558776394,0.970594604584004,0.95827969042112,0.932400686257103,0.8968727587783,0.85484643448797,0.808816535519668,0.760723943419361,0.712049004969868,0.66389595885804,0.617067677276119,0.572131089529719,0.529473259416098,0.48934828579078,0.45191601459455,0.417272590577165,0.385474317007645,0.356555105734582,0.330538590577521,0.307445807612399,0.28729934591405
-0.095959595959596,0.619448937535824,0.767674559290743,0.867502704560173,0.928370149290796,0.958372953207914,0.964378289037392,0.952142247549056,0.926428989264066,0.891128605609309,0.849371445078822,0.803636351351775,0.755851775313518,0.707488582648706,0.659643939785514,0.613115576803433,0.568466792026162,0.52608217024408,0.486214182899313,0.449021652175864,0.414600107050336,0.3830054901892,0.354271496247641,0.328421607678937,0.305476725830391,0.285459295101793
-0.0858585858585859,0.615127155751758,0.762318634491466,0.861450297075045,0.921893080791758,0.95168656064101,0.957649998342294,0.945499325474371,0.919965463883008,0.884911364539685,0.843445536070325,0.798029527715752,0.750578335912687,0.702552564385297,0.655041724832534,0.608837981717231,0.56450070333385,0.522411791295127,0.482821955596175,0.445888910347709,0.411707518038157,0.380333331032254,0.351799808903745,0.326130270273134,0.303345470662852,0.283467697882221
-0.0757575757575758,0.610488099613533,0.756569515943288,0.85495356505622,0.91494051218014,0.944509300883372,0.950427764595108,0.938368727502039,0.913027432628372,0.878237698031765,0.837084589142883,0.792011091130051,0.744917758251831,0.697254178912046,0.650101648124875,0.604246356148664,0.56024345273396,0.518471959336112,0.479180695190364,0.442526184987313,0.408602575798411,0.377465001033491,0.349146667926858,0.323670719238808,0.301057753961479,0.281329891817974
-0.0656565656565657,0.605542781117351,0.750440850661835,0.848027930172713,0.907528947170674,0.936858211012118,0.942728731630317,0.9307673799454,0.905631364706725,0.871123447754208,0.830303703644578,0.785595327906122,0.738883479171945,0.691606003313379,0.644835436208696,0.599351599505243,0.555705145908775,0.514272026574311,0.475299045152569,0.438941458390598,0.405292650712299,0.374407308913933,0.346318371231358,0.32104879295468,0.298619006211888,0.279050951543107
-0.0555555555555556,0.600301674706333,0.743945619480586,0.840688061281288,0.899674083845537,0.928749496435601,0.934569206402254,0.922711382855985,0.8977929253766,0.863583682061043,0.823117241845407,0.778795826965896,0.732488279591599,0.685620000720506,0.639254243196158,0.594164079137443,0.550895395229419,0.50982088868689,0.471185227020507,0.435142323195909,0.4017847533742,0.371166731025348,0.343320909297513,0.318270044797696,0.296034392809312,0.276635703972267
-0.0454545454545455,0.59477474691697,0.73709617379131,0.832947915944604,0.891390859085572,0.920198576760559,0.925964705139661,0.914216055592466,0.889527020286822,0.855632738640539,0.815538869587684,0.771625518303333,0.725744320681542,0.679307554171395,0.633368682335583,0.588693659682037,0.545823346962329,0.505127009998879,0.466847063668837,0.431136003873918,0.39808555443418,0.367749429680662,0.340159982126696,0.315339758861088,0.293308828678535,0.274088741962604
-0.0353535353535354,0.588971483076265,0.729904268629468,0.824820777819039,0.882693488581392,0.911220127096272,0.916929994908669,0.905295977856293,0.880847835403941,0.84728426292126,0.80758159289243,0.764096707619714,0.718663176440568,0.672679497102269,0.627188854440929,0.582949729486288,0.540497705769157,0.500198446156374,0.462292000264124,0.426929376079653,0.394201402466515,0.364161269660809,0.336841014509858,0.312262964108754,0.290446991439391,0.271414436616553
-0.0252525252525253,0.582900911400436,0.722381092539404,0.816319290403535,0.873595502950181,0.901828115338583,0.907479131130448,0.895965026733309,0.871768873053525,0.838551242740045,0.799257791002859,0.756221107587871,0.711255863100753,0.665746140871351,0.620724373554218,0.576941224460259,0.534926756822096,0.49504286459295,0.45752712318025,0.422528984120994,0.39013834009907,0.360407833114968,0.333369169809906,0.309044447151994,0.287453333290863,0.268616948387191
-0.0151515151515152,0.576571624797763,0.714537294594315,0.807455487573238,0.864109780411691,0.892035835901908,0.897625491524585,0.886236410206459,0.862302984527826,0.829446039707204,0.790579246279842,0.748009866137905,0.703532865731302,0.658517299660459,0.61398439016313,0.570676649656743,0.529118385812295,0.489667563046262,0.452559177111772,0.417941056762959,0.385902118606046,0.35649443304127,0.329749362431062,0.305688763809022,0.284332091763001,0.265700237125593
-0.00505050505050505,0.569991800637377,0.706383008895434,0.798240821264547,0.85424857641579,0.881855940304276,0.887381806885779,0.876122697541989,0.852462399651385,0.819980417645562,0.781557171308329,0.739473592104045,0.695504162360427,0.651002313053446,0.606977612252558,0.564164098837932,0.523080097091628,0.484079486347171,0.447394580590725,0.413171521557561,0.381498211139321,0.352426125509849,0.325986269124906,0.30220024958605,0.281087299465753,0.262668071190835
0.00505050505050505,0.563169218711222,0.697927876832055,0.788686186629824,0.84402355056212,0.871300464956975,0.876760189047616,0.86563584689842,0.842258753644401,0.810165568430234,0.772202233526309,0.730622378527436,0.687179245892542,0.64321006655103,0.599712324432095,0.557411272253738,0.516819030156354,0.478285241674386,0.442039440085222,0.40822601786395,0.376931824750484,0.34820772076873,0.322084339263075,0.298583029200424,0.277722792946779,0.259524035727377
0.0151515151515152,0.556111277587036,0.689181067347542,0.778801944938791,0.833445791108351,0.86038085646485,0.865772156341408,0.854787230462359,0.831703111579736,0.800012135513732,0.762524577647555,0.721465823871519,0.67856714406217,0.635149010247935,0.592196405350123,0.550425492827569,0.510341974654191,0.472291112442625,0.436499562835132,0.403109908702234,0.372207911335953,0.343843793354876,0.318047804189757,0.294841025250705,0.274242220755798,0.256271540200958
0.0252525252525253,0.54882500952505,0.680151295425404,0.768597944468521,0.822525837325901,0.849107994704511,0.854428656819012,0.843587657376671,0.820805990691895,0.789530235384881,0.75253384611501,0.712013051374081,0.669676437635308,0.626827175869657,0.584437343578443,0.543213720920525,0.503655384073348,0.466103070970993,0.430780468560409,0.397828291566197,0.367331177620799,0.339338691317196,0.313880685752764,0.290977966125256,0.270649050800656,0.252913825272636
0.0353535353535354,0.541317094109672,0.670846838982843,0.758083539593829,0.811273699929775,0.83749221391442,0.842740089475072,0.832047394693448,0.809577380764145,0.778729477179122,0.742239197792168,0.702272726732192,0.660515277042811,0.618252192341551,0.576442252128488,0.535782567823705,0.496765388252285,0.459726790060022,0.424887400160798,0.392386008304528,0.362306094282497,0.334696544645019,0.309586804099681,0.286997393229539,0.26694657706969,0.249453969080642
0.0454545454545455,0.533593870728897,0.661275554336322,0.747267608263965,0.799698879781502,0.82554332200226,0.830716323675369,0.820176186555862,0.798026762792348,0.767618980631179,0.731649325074506,0.692253074292249,0.651091397607771,0.609431300041889,0.568217881740504,0.528138308110027,0.489677804832035,0.453167653590112,0.418825333511091,0.38678765416681,0.357136904303447,0.329921272984111,0.305169784815014,0.282902667602488,0.263137925785855,0.245894892991239
0.0555555555555556,0.52566135001831,0.651444890383956,0.736158568029287,0.787810385040296,0.813270618250389,0.818366716973223,0.807983271788499,0.786163126100259,0.756207392538199,0.720772469581184,0.681961891896751,0.64141213350949,0.600371363872348,0.559770633070133,0.520286890961224,0.482398149758338,0.446430766240636,0.412598986443691,0.381037586098961,0.351827630630509,0.325016592712512,0.300633065465177,0.278696975983932,0.259226061050254,0.24223936687244
0.0656565656565657,0.517525224372776,0.641361901632509,0.72476439076228,0.775616746916966,0.800682909578873,0.805700131474431,0.795477400054669,0.773994984060493,0.744502901881699,0.709616436568389,0.671406564521541,0.631484430609854,0.591078885263684,0.551106567882194,0.51223395057206,0.474931646928198,0.439520962417244,0.406212826999385,0.375139930362879,0.34638208321052,0.319986023439918,0.29597990161027,0.274383336387723,0.255213790025899,0.238490013938084
0.0757575757575758,0.509190877617006,0.631033260181991,0.713092616200629,0.76312603416722,0.787788525507186,0.792724948892721,0.782666846720831,0.761530388557531,0.732513253739468,0.698188608189353,0.660594076821827,0.621314858253355,0.581560013220739,0.54223141934875,0.503984815722026,0.467283237064533,0.432442814464833,0.399671081017907,0.369098589546364,0.340803865462851,0.314832893986991,0.291213372334816,0.269964603228906,0.251103767706682,0.234649315204302
0.0858585858585859,0.500663393915828,0.620465266768035,0.701150364425539,0.750345866445519,0.774595331939624,0.77944908442155,0.769559426552388,0.748776943313642,0.720245762103731,0.686495955711864,0.649531024691836,0.610909620139407,0.571820554499078,0.533150601537554,0.495544518594504,0.459457585893109,0.425200640234811,0.392977739131731,0.362917249021933,0.335096380243097,0.309560347894584,0.286336385343666,0.265443472047799,0.246898501311407,0.230719613595621
0.095959595959596,0.491947565995958,0.609663860951025,0.688944347375859,0.737283426627072,0.761110743885528,0.765879999534029,0.756162506351204,0.735741816185124,0.707707321708851,0.674545050791747,0.638223625931257,0.600274564354555,0.561865982995302,0.523869218167318,0.486917802914487,0.451459091687646,0.417798510067634,0.386136563219462,0.356599382906562,0.329262835345941,0.304171348507268,0.281351681664147,0.260822483869042,0.242600354338302,0.22670311773378
0.106060606060606,0.483047902743214,0.598634630531219,0.676480879487542,0.723945472193806,0.747341737213215,0.752024713810508,0.742483016633123,0.722431750524461,0.694904418960549,0.662342075889944,0.626677730101415,0.589415192642597,0.551701448424007,0.514392070697895,0.478109131468106,0.443291892241755,0.410240253244933,0.379151092368991,0.350148259568692,0.323306248590013,0.298668683670686,0.276261839991011,0.256104029229512,0.238211550311523,0.22260190543874
0.116161616161616,0.473968636232185,0.587382820260523,0.66376588753829,0.710338345769753,0.733294859525845,0.737889815882598,0.728527462433131,0.708853075693679,0.681843142048663,0.649892833911411,0.614898827645146,0.578336668982187,0.54133178434656,0.504723665816093,0.469122693060437,0.434959871320052,0.402529463959625,0.372024648395181,0.343566946723851,0.317229452522874,0.293054970078008,0.271069280706804,0.251290351905342,0.233734176247788,0.21841792696815
0.126262626262626,0.46471372823934,0.575913339914093,0.650804919768797,0.696467984882269,0.718976240238105,0.723481473572992,0.714301933316525,0.695011716805163,0.668529190316799,0.637202757135713,0.60289205833652,0.567043827534137,0.530761515609884,0.494868222371411,0.459962408962012,0.426466664635222,0.394669506847335,0.364760340952101,0.336858316155827,0.311035098780274,0.28733265729698,0.265776269606806,0.246383552365057,0.229170185868271,0.21415300801877
0.136363636363636,0.455286876285222,0.564230771778349,0.637603154344487,0.68233993101749,0.704391599924311,0.708805443302142,0.699812112666236,0.680913203758169,0.654967882954523,0.624276915501913,0.590662219119623,0.555541180014097,0.519994865247404,0.484829677810295,0.450631938889238,0.417815665392927,0.386663522117875,0.357361072275626,0.330025048096488,0.304725662130221,0.281504031505819,0.260384921354639,0.241385590973051,0.22452140257826,0.209808852510882
0.146464646464646,0.445691519246686,0.552339377606139,0.624165407215138,0.667959338031407,0.689546259001317,0.693867078825586,0.685063286309295,0.666562679632321,0.641164167071034,0.611120024303925,0.578213771389546,0.543832922540615,0.509035760888928,0.474611694152551,0.441134686559256,0.40901002944214,0.378514430321576,0.349829541588565,0.323069635293941,0.298303444229277,0.275571218963265,0.254897202691991,0.236298290965104,0.219789522234795,0.205387045174564
0.156565656565657,0.435930842575991,0.540243105084691,0.610496139423917,0.653330979971744,0.674445145803169,0.678671339359187,0.670060350538988,0.651964908493127,0.627122625203257,0.597736451346783,0.565550847763323,0.531922942003472,0.497887840721509,0.464217663549088,0.431473804855672,0.400052680064697,0.370224936781726,0.342168249197194,0.315994386795712,0.291770577115723,0.269536189235538,0.249314935423486,0.231123341215451,0.214976115720428,0.200889053954793
0.166666666666667,0.426007783159904,0.527945593857431,0.596599463912274,0.638459258360305,0.659092804098808,0.663222797143955,0.654807819583683,0.637124282659103,0.612847482306067,0.584130223609314,0.552677258383843,0.519814821992761,0.486554459039148,0.453650713456329,0.421652200637976,0.39094631243448,0.361797535721289,0.334379500305239,0.308801431470976,0.285129026461778,0.263400758200731,0.243639799195671,0.225862298813006,0.210082631339447,0.196316232250654
0.176767676767677,0.415925033848682,0.515450181136696,0.582479151862532,0.623348208980582,0.643493400099036,0.647525644496911,0.639309832568239,0.622044829475186,0.59834261226761,0.570305033454162,0.539596496795489,0.507511848325157,0.475038691415467,0.442913711459067,0.411672539224226,0.381693397773661,0.353234514109249,0.326465408568742,0.301492721293491,0.278380594604871,0.257166590849082,0.237873334087205,0.220516591462554,0.205110397051318,0.191669821002425
0.186868686868687,0.405685047681969,0.502759906940818,0.568138638616,0.608001508211115,0.627650728994554,0.631583700390098,0.623570160009545,0.606730217632855,0.583611543988599,0.556264244422209,0.526311745426562,0.495017014200354,0.46334333953021,0.432009269770572,0.401537248573736,0.372296187230787,0.344537955249557,0.318427899413017,0.294070034404841,0.271526923376049,0.250835203895843,0.232016943025711,0.215087519725245,0.200060622554651,0.186950950638986
0.196969696969697,0.395290041836009,0.489877518985862,0.55358102920083,0.592422478941192,0.611568221062849,0.615400416595732,0.607592209883695,0.591183763073459,0.568657467060708,0.542010896644894,0.512825880710158,0.482333025017454,0.451470935677458,0.420939749435934,0.391248523193926,0.362756715503137,0.335709742133401,0.310268713130879,0.286534977975657,0.264569496741873,0.244407968221843,0.22607189404524,0.209576259111347,0.19493440123374,0.1821606428968
0.207070707070707,0.384742001314325,0.476805477259426,0.53880910350059,0.57661409610209,0.595248947378182,0.598978883431974,0.591379033298863,0.575408434507889,0.553483237075923,0.527547711904772,0.499141477872246,0.469462302878339,0.43942374698085,0.409707264262225,0.380808327793277,0.353076804223642,0.326751560573603,0.301989407779511,0.278888990880892,0.257509643274599,0.237886111155441,0.220039322397022,0.203983862036981,0.189732711978596,0.177299812520687
0.217171717171717,0.374042682401952,0.46354595830143,0.523825321091733,0.560578991843938,0.578695625155766,0.582321835140593,0.574933329804729,0.559406858582626,0.538091380595743,0.51287709837186,0.485260815412976,0.456406990802524,0.42720377933875,0.39831368449687,0.370218400700241,0.343258065130835,0.317664902138211,0.293591361891738,0.271133346203703,0.250348538464118,0.231270718608276,0.213920232524989,0.198311259655501,0.184456420888376,0.172369268855627
0.227272727272727,0.363193615901483,0.450100859214498,0.508631825775476,0.544319460385585,0.561910622758369,0.565431654924938,0.558257452366536,0.543181324719462,0.522484099806489,0.498001155040813,0.471185879304936,0.44316895667578,0.414812781120217,0.386760640273671,0.359480257066199,0.33330190303855,0.30845106689879,0.285075777016041,0.263269153581168,0.243087206883852,0.224562737076114,0.207715499916517,0.192559263573187,0.179106282867213,0.167369717338021
0.237373737373737,0.352196110167517,0.436471801424514,0.49323044982739,0.527837462562354,0.544895964391032,0.548310379674082,0.541353412029286,0.526733789653741,0.506663276884628,0.482921675891685,0.456918366929869,0.429749796952775,0.40225224663073,0.375049524844165,0.348595191868893,0.32320951862064,0.299111166007505,0.276443680098349,0.255297361403877,0.235726524221731,0.217762975515053,0.201425872837871,0.186728567458063,0.173682943120636,0.16230176089405
0.247474747474747,0.341051253954688,0.422660134210141,0.477622717985887,0.511134630094375,0.527653334507356,0.530959704396713,0.52422288229538,0.510065881693778,0.49063047809388,0.467640153795058,0.442459690773531,0.416150840132233,0.389523419364993,0.363181497610446,0.337564282731326,0.312981911024602,0.289646124115874,0.267695925717485,0.247218758880393,0.228267219186388,0.210872107102456,0.195051973963026,0.180819748549877,0.168186938560052,0.157165901252123
0.257575757575758,0.32975991909305,0.408666938018387,0.461809851198947,0.494212269596203,0.510184081948696,0.513380986386264,0.506867203236899,0.493178904722082,0.474386957633992,0.452157784180462,0.427810981896582,0.40237315002144,0.37662729506256,0.351157486974158,0.326388392569801,0.302619880326765,0.280056681646906,0.258833198185118,0.239033977976559,0.220709875297804,0.203890670891143,0.188594301903762,0.174833269078539,0.162618699122095,0.151962540175771
0.267676767676768,0.318322763003452,0.394493027581881,0.445792770146759,0.477071366346614,0.492489223835788,0.495575249136933,0.489287385361936,0.476073841957277,0.457933661259309,0.43647546848539,0.412973093197881,0.38841752880551,0.363564624580711,0.338978193015085,0.315068172083574,0.292124029840654,0.270343396931347,0.249856013520121,0.230743495238831,0.213054932570867,0.19681907336465,0.182053232648243,0.168769477597738,0.156978549009061,0.146691980622802
0.277777777777778,0.306740231064455,0.380138954852156,0.42957209855645,0.459712587835915,0.474569449230703,0.477543186028576,0.471484113252736,0.458751359493994,0.441271229683782,0.420593817400746,0.397946602485186,0.374284519935493,0.350335916597771,0.326644090011656,0.303604062097573,0.281494768289098,0.26050664821784,0.240764721306388,0.22234763350999,0.205302689099557,0.189657589900695,0.175429020914685,0.162628610239841,0.151266707856139,0.141354427836042
0.287878787878788,0.295012558841346,0.365605011762035,0.413148166323693,0.442136287106573,0.456425122585433,0.459285163796907,0.453457748991866,0.44121180963651,0.424400001787588,0.40451315392721,0.382731815366944,0.359974410848222,0.336941440158918,0.314155428814594,0.291996295768621,0.270732311849789,0.250546635565969,0.231559506442426,0.213846563544893,0.197453302548835,0.182406366149374,0.168721801426166,0.156410791897676,0.145483291830633,0.135949990370525
0.297979797979798,0.283139774186955,0.350891232829148,0.396521012454776,0.424342505901714,0.438056286992148,0.440801225804118,0.43520833539134,0.42345523404067,0.40732001763933,0.388233516255821,0.367328767977766,0.345487235529727,0.323381227075587,0.301512239084053,0.280244900664777,0.259836686083204,0.240463382630433,0.222240390790314,0.205240305533296,0.189506791560734,0.175065419332102,0.161931590112108,0.150116037338353,0.139628314667963,0.130478681061609
0.308080808080808,0.271121699223168,0.335997397611592,0.379690387841606,0.406330977634828,0.419462667248869,0.422091095123766,0.416735599038358,0.405481366677378,0.390031021346607,0.371754660484974,0.351737229549126,0.330822776933083,0.309655074188604,0.288714331399706,0.268349700726585,0.248807727751027,0.23025673834389,0.212807234731018,0.196528730536202,0.181463037080588,0.167634639466781,0.155058285241533,0.143744252253832,0.133701688648833,0.124940417938113
0.318181818181818,0.258957952211316,0.320923033025879,0.362655757881074,0.388101130192922,0.40064367275322,0.403154177452654,0.39803895317025,0.387289636629891,0.372532463746725,0.355076063185043,0.335956704835891,0.315980569260652,0.295762545504406,0.275761299252502,0.256310318118343,0.237645086532604,0.219926378505433,0.203259738632488,0.187711561841655,0.1733217836089,0.16011379052426,0.148101668492768,0.137295234252568,0.127703225521604,0.119335025084244
0.328282828282828,0.24664794931896,0.305667415536487,0.34541630494934,0.369652088584411,0.381598400235883,0.383989563861419,0.379117500390158,0.368879170736174,0.354823504948363,0.338196923820953,0.319986436408447,0.300959900119924,0.28170297421293,0.262652520926097,0.244126174976824,0.22634822664632,0.209471807281075,0.193597444236433,0.178788376245433,0.165082640383854,0.152502511520744,0.141061405963889,0.130768673796234,0.121632637373567,0.11366223345378
0.338383838383838,0.234190906290008,0.290229573225612,0.327970930740729,0.350982677442122,0.362325636344501,0.364596033394621,0.359970035234135,0.350248796086667,0.336903016734169,0.321116167042193,0.303825406819401,0.285759812561381,0.267475464595096,0.249387161275334,0.231796495064313,0.214916428382252,0.198892358622134,0.183819735969214,0.169758605261666,0.156745082499132,0.14480031755042,0.133937049127885,0.124164155085186,0.115489537454548,0.107921681639706
0.348484848484849,0.221585840024534,0.274608287751023,0.31031825848019,0.332091423390981,0.342823860087882,0.344972055530267,0.340595046599468,0.331397042387026,0.318769584833472,0.303832444849029,0.287472340653157,0.270379107006209,0.253078893827167,0.235964173408583,0.219320305332283,0.203348789551978,0.188187197606942,0.173925842181876,0.160621536268014,0.1483084519613,0.137006600762269,0.126728035736185,0.117481156896062,0.10927344095599,0.10211291660224
0.358585858585859,0.208831570074226,0.25880209619934,0.292456635017573,0.312976557289241,0.323091245149656,0.325115792507961,0.320990720043284,0.312322144194661,0.300421511073599,0.286344138643012,0.270925706466011,0.254816343071029,0.238511913688727,0.222382300280223,0.206696437401542,0.191644226860937,0.177355321710878,0.163914836323935,0.151376313589666,0.139771958690714,0.129120631284695,0.119433690673917,0.110719053374641,0.102983765748416,0.0962353943579757
0.368686868686869,0.195926720058867,0.242809292841467,0.274384132811337,0.293636016351368,0.30312566207977,0.305025101534138,0.301154939959802,0.293022043037184,0.281856815417601,0.268649361169224,0.254183718623818,0.239069841296297,0.223772952180487,0.208640076199033,0.193923528964242,0.179801477208331,0.166395562009358,0.153785638055203,0.142021939526118,0.131134681469576,0.121141558101339,0.112053226770017,0.103877114786839,0.0966198330799608,0.0902884806326365
0.378787878787879,0.182869719008924,0.226627930796442,0.256098551808762,0.274067446160182,0.282924680371655,0.28469753687224,0.281085291643998,0.273494389420345,0.263073237895681,0.250745958357198,0.237244339043777,0.223137684784528,0.208860215057692,0.194735828257903,0.181000025112731,0.167819098919218,0.15530658431806,0.143537014299599,0.132557275324368,0.122395568840539,0.1130684098812,0.104585745565074,0.096954508230524,0.0901808682384563,0.0842714514797784
0.388888888888889,0.16965880263887,0.210255823609443,0.237597421229168,0.25426820257519,0.262485570432234,0.264130351825074,0.260779063248798,0.253736544732373,0.244068240436973,0.232631511066859,0.220105278846373,0.207017720754003,0.193771687284408,0.180667677689777,0.167924179599863,0.155695472913036,0.14408689027432,0.1331675802446,0.122981042101922,0.113553439958946,0.104900095765932,0.0970302380395633,0.0899502983106152,0.0836660011793614,0.0781834938675717
0.398989898989899,0.156292014555578,0.193690546749347,0.218878001256207,0.234235353543617,0.241805305451479,0.24332050061608,0.240233247642486,0.233745583051219,0.224839008607917,0.214303336745452,0.202763999923076,0.190707562013258,0.17850513441367,0.166433541154462,0.154694056035042,0.143428803812546,0.132734818363399,0.122675800289727,0.113291821722725,0.104606985401614,0.0966354061169974,0.08938558530494,0.0828634477797524,0.0770742671216751,0.0720237062356643
0.409090909090909,0.14276720740579,0.176929439030754,0.199937284644811,0.213965680820105,0.220880563177689,0.222264640175736,0.21944454417244,0.213518292860661,0.205382453262984,0.1957584910009,0.185217716424989,0.174204588361214,0.163058103898023,0.152031131960549,0.141307529019943,0.131017120996853,0.121248544892986,0.112059988947206,0.103488057628922,0.0955547679348386,0.0882730132251385,0.0816505592598929,0.0756928181466614,0.0704046071137977,0.0657910990239633
0.419191919191919,0.129082043966351,0.159969603965114,0.180771998248021,0.193455681600668,0.199707727604248,0.200959131838885,0.198409360340923,0.193051178680842,0.185695212113075,0.176993769096725,0.167463396177265,0.157505947917493,0.147427926334719,0.137457961226394,0.127762285227615,0.118458279601921,0.109626084919118,0.101318311697714,0.0935680556311494,0.0863952232440953,0.0798114719844796,0.0738238232138677,0.0684371702541833,0.0636558685711767,0.0594845951750497
0.429292929292929,0.115233998180682,0.14280791104521,0.161378604468496,0.172701570076046,0.178282890573186,0.179400042958339,0.177123813398216,0.172340462618378,0.165773651216568,0.158005707373218,0.149497762023759,0.140608558387117,0.131611716649493,0.122711338983846,0.114055824428351,0.105749961471736,0.0978652931264247,0.0904487858039165,0.0835299846598383,0.0771266606277553,0.0712492205333732,0.0659039324798379,0.0610951648287922,0.0568268057874332,0.0531030306118113
0.439393939393939,0.101220356144696,0.125440996966982,0.141753302639234,0.151699278909304,0.156601853300521,0.157583148439789,0.155583731858048,0.151382085840863,0.145613866397638,0.138790584599302,0.131317293106094,0.12350910826352,0.115606375222601,0.107788375228133,0.100185460465521,0.0928896760630784,0.0859638646654401,0.0794492810843258,0.0733718774798806,0.0677472636569612,0.0625845808639918,0.0578893349381629,0.0536653630033113,0.0499160804205586,0.04664515469178
0.44949494949495,0.0870382170451142,0.107865266792383,0.121892030337634,0.130444460642092,0.134660127827975,0.135503932202609,0.133784656939871,0.130171709980192,0.125211684596113,0.119344423259128,0.11291822608099,0.106204057973492,0.0994085889605018,0.0926859809170718,0.0861483221842985,0.0798747613066192,0.0739193359494961,0.0683175206498047,0.0630916313707915,0.0582550908036512,0.0538157594024932,0.049778371573228,0.0461462268143958,0.0429222619556415,0.0401096306395364
0.45959595959596,0.0726844940529981,0.0900768950567117,0.101790464636832,0.10893248903378,0.112452938405381,0.113157588570931,0.111721843942279,0.108704718468897,0.104562665152881,0.0996629907772628,0.0942965562794644,0.0886896409674546,0.0830148323163764,0.0774008689225714,0.0719413543160568,0.0667023844269051,0.0617290854135702,0.0570510816049058,0.0526870087744021,0.0486480760385996,0.044940847561487,0.0415692769844637,0.0385361196762651,0.0358438281455029,0.0334950359584714
0.46969696969697,0.0581559151750502,0.0720718268236186,0.0814440232979016,0.0871584603373088,0.0899752228077693,0.0905390235989792,0.0893902635515332,0.0869762178133248,0.0836621010345644,0.0797418006859638,0.0754480388112665,0.0709618647582261,0.0664213682624246,0.0619295549371794,0.0575613183209638,0.0533695427235993,0.0493903342372779,0.045647395716073,0.042155637911947,0.0389240294011992,0.035957822266397,0.033260179873219,0.0308333068320507,0.0286791654305112,0.0267998628230909
0.47979797979798,0.0434490240651159,0.0538457786907929,0.0608478659063134,0.0651171945153886,0.0672216335908699,0.067642856334446,0.0667846030889027,0.0649810388072988,0.0625050200009309,0.0595761137378943,0.0563681896176727,0.0530165119112152,0.049624249216701,0.0462683583382386,0.0430047931911889,0.039873064316194,0.0369001470340589,0.0341037500486005,0.0314950133722991,0.0290806375426027,0.0268645464572125,0.0248491035068701,0.0230359557840406,0.021426569338768,0.0200225184529783
0.48989898989899,0.0285601807981375,0.0353942397491095,0.0399968949558154,0.0428032364004267,0.044186539288527,0.0444634200234035,0.0438992677002911,0.0427137376896176,0.0410861857182896,0.0391609389673439,0.0370522864755658,0.0348491409887983,0.0326193179270673,0.030413403012061,0.0282681762169423,0.0262096088542657,0.0242554325084762,0.022417287574119,0.0207024966729876,0.0191154642437335,0.0176587695670238,0.0163339661614549,0.0151421367040168,0.0140842448677773,0.0131613254694534
0.5,0.0134855626086436,0.0167124724978311,0.0188857568826442,0.0202108568013046,0.0208640255552436,0.0209947632600116,0.0207283814913555,0.0201685972485188,0.0194000988218703,0.0184910347028275,0.017495369955509,0.0164550874514259,0.0154022083146407,0.0143606181403377,0.0133476837174156,0.0123756681951855,0.0114529440833973,0.0105850077502473,0.00977531679550908,0.00902595090956029,0.00833812797863096,0.00771258154402614,0.00714982282479021,0.00665030684862696,0.00621452223588947
